name,symbol,category,set,keywords
Glass,fa fa-glass,entertainment,faSet,"entertainment, food, drink, party "
Music,fa fa-music,entertainment,faSet,"entertainment, music"
Search,fa fa-search,UI,faSet,"ui, technology"
Envelope,fa fa-envelope-o,UI,faSet,UI
Heart,fa fa-heart,UI,faSet,UI
Star,fa fa-star,UI,faSet,UI
Star,fa fa-star-o,UI,faSet,UI
User,fa fa-user,technology,faSet,technology
Film,fa fa-film,entertainment,faSet,"entertainment, media"
Table Header,fa fa-th-large,UI,faSet,UI
Table Header,fa fa-th,UI,faSet,UI
List,fa fa-th-list,UI,faSet,UI
OK,fa fa-check,UI,faSet,UI
Close,fa fa-times,UI,faSet,UI
Zoom In,fa fa-search-plus,UI,faSet,UI
Zoom Out,fa fa-search-minus,UI,faSet,UI
Power Off,fa fa-power-off,technology,faSet,technology
Signal,fa fa-signal,technology,faSet,technology
Cog,fa fa-cog,UI,faSet,UI
Trash,fa fa-trash-o,UI,faSet,UI
Home,fa fa-home,UI,faSet,UI
File,fa fa-file-o,business,faSet,business
Clock,fa fa-clock-o,business,faSet,business
Road,fa fa-road,travel,faSet,travel
Download,fa fa-download,UI,faSet,UI
Circle Arrow Down,fa fa-arrow-circle-o-down,UI,faSet,UI
Circle Arrow Up,fa fa-arrow-circle-o-up,UI,faSet,UI
Inbox,fa fa-inbox,business,faSet,business
Circle Play,fa fa-play-circle-o,entertainment,faSet,"entertainment, media"
Repeat,fa fa-repeat,entertainment,faSet,"entertainment, media"
Refresh,fa fa-refresh,UI,faSet,UI
List,fa fa-list-alt,UI,faSet,UI
Lock,fa fa-lock,UI,faSet,UI
Flag,fa fa-flag,UI,faSet,UI
Headphones,fa fa-headphones,entertainment,faSet,"entertainment, media"
Volume Off,fa fa-volume-off,entertainment,faSet,"entertainment, sound, media control"
Volume Down,fa fa-volume-down,entertainment,faSet,"entertainment, sound, media control"
Volume Up,fa fa-volume-up,entertainment,faSet,"entertainment, sound, media control"
QR Code,fa fa-qrcode,business,faSet,business
Bar Code,fa fa-barcode,business,faSet,business
Tag,fa fa-tag,business,faSet,business
Tags,fa fa-tags,business,faSet,business
Book,fa fa-book,UI,faSet,UI
Bookmark,fa fa-bookmark,UI,faSet,UI
Print,fa fa-print,UI,faSet,UI
Camera,fa fa-camera,entertainment,faSet,"entertainment, media"
Font,fa fa-font,UI,faSet,UI
Bold,fa fa-bold,UI,faSet,UI
Italic,fa fa-italic,UI,faSet,UI
Text Height,fa fa-text-height,UI,faSet,UI
Text Width,fa fa-text-width,UI,faSet,UI
Align Left,fa fa-align-left,UI,faSet,UI
Align Center,fa fa-align-center,UI,faSet,UI
Align Right,fa fa-align-right,UI,faSet,UI
Align Justify,fa fa-align-justify,UI,faSet,UI
List,fa fa-list,UI,faSet,UI
Indent,fa fa-indent,UI,faSet,UI
Outdent,fa fa-outdent,UI,faSet,UI
Camera Video,fa fa-video-camera,entertainment,faSet,"entertainment, media"
Picture,fa fa-picture-o,entertainment,faSet,"entertainment, media"
Pencil,fa fa-pencil,business,faSet,business
Map Marker,fa fa-map-marker,UI,faSet,UI
Adjust,fa fa-adjust,entertainment,faSet,"entertainment, media"
Tint,fa fa-tint,entertainment,faSet,"entertainment, media"
Pencil,fa fa-pencil-square-o,business,faSet,business
Share,fa fa-share-square-o,social,faSet,social
OK,fa fa-check-square-o,UI,faSet,UI
Move,fa fa-arrows,UI,faSet,UI
Step Back,fa fa-step-backward,entertainment,faSet,"entertainment, media"
Step Forward,fa fa-fast-backward,entertainment,faSet,"entertainment, media"
Backward,fa fa-backward,entertainment,faSet,"entertainment, media"
Play,fa fa-play,entertainment,faSet,"entertainment, media"
Pause,fa fa-pause,entertainment,faSet,"entertainment, media"
Stop,fa fa-stop,entertainment,faSet,"entertainment, media"
Forward,fa fa-forward,entertainment,faSet,"entertainment, media"
Fast Forward,fa fa-fast-forward,entertainment,faSet,"entertainment, media"
Step Forward,fa fa-step-forward,entertainment,faSet,"entertainment, media"
Eject,fa fa-eject,entertainment,faSet,"entertainment, media"
Chevron Left,fa fa-chevron-left,UI,faSet,UI
Chevron Right,fa fa-chevron-right,UI,faSet,UI
Circle Plus,fa fa-plus-circle,UI,faSet,UI
Circle Minus,fa fa-minus-circle,UI,faSet,UI
Circle Close,fa fa-times-circle,UI,faSet,UI
Circle OK,fa fa-check-circle,UI,faSet,UI
Circle Question,fa fa-question-circle,UI,faSet,UI
Circle Info,fa fa-info-circle,UI,faSet,UI
Crosshairs,fa fa-crosshairs,UI,faSet,UI
Circle Close,fa fa-times-circle-o,UI,faSet,UI
Circle OK,fa fa-check-circle-o,UI,faSet,UI
Ban,fa fa-ban,UI,faSet,UI
Arrow Left,fa fa-arrow-left,UI,faSet,UI
Arrow Right,fa fa-arrow-right,UI,faSet,UI
Arrow Up,fa fa-arrow-up,UI,faSet,UI
Arrow Down,fa fa-arrow-down,UI,faSet,UI
Share,fa fa-share,UI,faSet,UI
Expand,fa fa-expand,UI,faSet,UI
Compress,fa fa-compress,UI,faSet,UI
Add,fa fa-plus,business,faSet,business
Subtract,fa fa-minus,business,faSet,business
Multiply,fa fa-asterisk,business,faSet,business
Circle Caution,fa fa-exclamation-circle,UI,faSet,UI
Gift,fa fa-gift,UI,faSet,UI
Leaf,fa fa-leaf,nature,faSet,nature
Fire,fa fa-fire,nature,faSet,nature
Visible,fa fa-eye,UI,faSet,UI
Not Visible,fa fa-eye-slash,UI,faSet,UI
Caution,fa fa-exclamation-triangle,UI,faSet,UI
Plane,fa fa-plane,travel,faSet,travel
Calendar,fa fa-calendar,business,faSet,business
Random,fa fa-random,UI,faSet,UI
Comment,fa fa-comment,social,faSet,social
Magnet,fa fa-magnet,UI,faSet,UI
Chevron Up,fa fa-chevron-up,UI,faSet,UI
Chevron Down,fa fa-chevron-down,UI,faSet,UI
Retweet,fa fa-retweet,social,faSet,social
business Cart,fa fa-shopping-cart,business,faSet,business
Folder,fa fa-folder,UI,faSet,UI
Folder Open,fa fa-folder-open,UI,faSet,UI
Arrows Vertical,fa fa-arrows-v,UI,faSet,UI
Arrows Horizontal,fa fa-arrows-h,UI,faSet,UI
Bar Chart,fa fa-bar-chart-o,business,faSet,business
Twitter,fa fa-twitter-square,social,faSet,social
Facebook,fa fa-facebook-square,social,faSet,social
Camera,fa fa-camera-retro,entertainment,faSet,"entertainment, media"
Key,fa fa-key,UI,faSet,UI
Cogs,fa fa-cogs,UI,faSet,UI
Comments,fa fa-comments,social,faSet,social
Thumbs Up,fa fa-thumbs-o-up,social,faSet,social
Thumbs Down,fa fa-thumbs-o-down,social,faSet,social
Star Half,fa fa-star-half,UI,faSet,UI
Heart,fa fa-heart-o,UI,faSet,UI
Sign Out,fa fa-sign-out,UI,faSet,UI
LinkedIN,fa fa-linkedin-square,social,faSet,social
Thumbtack,fa fa-thumb-tack,business,faSet,business
Link,fa fa-external-link,UI,faSet,UI
Sign In,fa fa-sign-in,UI,faSet,UI
Trophy,fa fa-trophy,UI,faSet,UI
Github,fa fa-github-square,social,faSet,social
Upload,fa fa-upload,technology,faSet,technology
Lemon,fa fa-lemon-o,nature,faSet,nature
Phone,fa fa-phone,technology,faSet,technology
Square,fa fa-square-o,UI,faSet,UI
Bookmark,fa fa-bookmark-o,UI,faSet,UI
Phone,fa fa-phone-square,technology,faSet,technology
Twitter,fa fa-twitter,social,faSet,social
Facebook,fa fa-facebook,social,faSet,social
Github,fa fa-github,social,faSet,social
Unlock,fa fa-unlock,UI,faSet,UI
Credit Card,fa fa-credit-card,business,faSet,business
RSS,fa fa-rss,technology,faSet,technology
HDD,fa fa-hdd-o,technology,faSet,technology
Bullhorn,fa fa-bullhorn,UI,faSet,UI
Bell,fa fa-bell,UI,faSet,UI
Certificate,fa fa-certificate,UI,faSet,UI
Hand right,fa fa-hand-o-right,social,faSet,social
Hand left,fa fa-hand-o-left,social,faSet,social
Hand up,fa fa-hand-o-up,social,faSet,social
Hand down,fa fa-hand-o-down,social,faSet,social
Circle Arrow Left,fa fa-arrow-circle-left,UI,faSet,UI
Circle Arrow Right,fa fa-arrow-circle-right,UI,faSet,UI
Circle Arrow Up,fa fa-arrow-circle-up,UI,faSet,UI
Circle Arrow Down,fa fa-arrow-circle-down,UI,faSet,UI
Globe,fa fa-globe,UI,faSet,UI
Wrench,fa fa-wrench,UI,faSet,UI
Tasks,fa fa-tasks,UI,faSet,UI
Filter,fa fa-filter,business,faSet,business
Briefcase,fa fa-briefcase,UI,faSet,UI
Arrows,fa fa-arrows-alt,UI,faSet,UI
Users,fa fa-users,technology,faSet,technology
Link,fa fa-link,technology,faSet,technology
Cloud,fa fa-cloud,technology,faSet,technology
Beaker,fa fa-flask,business,faSet,business
Scissors,fa fa-scissors,business,faSet,business
Files,fa fa-files-o,business,faSet,business
Paperclip,fa fa-paperclip,business,faSet,business
Floppy Disk,fa fa-floppy-o,technology,faSet,technology
Square,fa fa-square,UI,faSet,UI
Bars,fa fa-bars,technology,faSet,technology
List Unordered,fa fa-list-ul,UI,faSet,UI
List Ordered,fa fa-list-ol,UI,faSet,UI
Strikethrough,fa fa-strikethrough,UI,faSet,UI
Underline,fa fa-underline,UI,faSet,UI
Table,fa fa-table,UI,faSet,UI
Magic,fa fa-magic,UI,faSet,UI
Truck,fa fa-truck,travel,faSet,travel
Pinterest,fa fa-pinterest,social,faSet,social
Pinterest,fa fa-pinterest-square,social,faSet,social
Goolge Plus,fa fa-google-plus-square,social,faSet,social
Google Plus,fa fa-google-plus,social,faSet,social
business,fa fa-money,business,faSet,business
Caret Down,fa fa-caret-down,UI,faSet,UI
Caret Up,fa fa-caret-up,UI,faSet,UI
Caret Left,fa fa-caret-left,UI,faSet,UI
Caret Right,fa fa-caret-right,UI,faSet,UI
Columns,fa fa-columns,UI,faSet,UI
Sort,fa fa-sort,UI,faSet,UI
Sort Down,fa fa-sort-down,UI,faSet,UI
Sort Up,fa fa-sort-up,UI,faSet,UI
Envelope,fa fa-envelope,business,faSet,business
LinkedIN,fa fa-linkedin,social,faSet,social
Undo,fa fa-undo,UI,faSet,UI
Legal,fa fa-legal,UI,faSet,UI
Dashboard,fa fa-dashboard,travel,faSet,travel
Comment,fa fa-comment-o,social,faSet,social
Comments,fa fa-comments-o,social,faSet,social
Bold,fa fa-bolt,UI,faSet,UI
Sitemap,fa fa-sitemap,business,faSet,business
Umbrella,fa fa-umbrella,UI,faSet,UI
Paste,fa fa-paste,UI,faSet,UI
Lightbulb,fa fa-lightbulb-o,UI,faSet,UI
Exchange,fa fa-exchange,UI,faSet,UI
Cloud Download,fa fa-cloud-download,technology,faSet,technology
Cloud Upload,fa fa-cloud-upload,technology,faSet,technology
User MD,fa fa-user-md,social,faSet,social
Stethoscope,fa fa-stethoscope,social,faSet,social
Suitecase,fa fa-suitcase,travel,faSet,travel
Bell,fa fa-bell-o,UI,faSet,UI
Coffee,fa fa-coffee,entertainment,faSet,"entertainment, media"
Cutlery,fa fa-cutlery,entertainment,faSet,"entertainment, media"
Text File,fa fa-file-text-o,technology,faSet,technology
Building,fa fa-building-o,business,faSet,business
Hospital,fa fa-hospital-o,social,faSet,social
Ambulance,fa fa-ambulance,social,faSet,social
Medical Kit,fa fa-medkit,social,faSet,social
Fighter Jet,fa fa-fighter-jet,travel,faSet,travel
Beer,fa fa-beer,entertainment,faSet,"entertainment, media"
Square,fa fa-h-square,UI,faSet,UI
Plus,fa fa-plus-square-o,business,faSet,business
Angle Double Left,fa fa-angle-double-left,UI,faSet,UI
Angle Double Right,fa fa-angle-double-right,UI,faSet,UI
Angle Double Up,fa fa-angle-double-up,UI,faSet,UI
Angle double Down,fa fa-angle-double-down,UI,faSet,UI
Angle Left,fa fa-angle-left,UI,faSet,UI
Angle Right,fa fa-angle-right,UI,faSet,UI
Angle Up,fa fa-angle-up,UI,faSet,UI
Angle Down,fa fa-angle-down,UI,faSet,UI
Desktop,fa fa-desktop,technology,faSet,technology
Laptop,fa fa-laptop,technology,faSet,technology
Tablet,fa fa-tablet,technology,faSet,technology
Mobile,fa fa-mobile-phone,technology,faSet,technology
Circle,fa fa-circle-o,UI,faSet,UI
Qutoe Left,fa fa-quote-left,UI,faSet,UI
Quote Right,fa fa-quote-right,UI,faSet,UI
Spinner,fa fa-spinner,UI,faSet,UI
Circle,fa fa-circle,UI,faSet,UI
Reply,fa fa-reply,UI,faSet,UI
Github,fa fa-github-alt,social,faSet,social
Folder,fa fa-folder-o,UI,faSet,UI
Folder,fa fa-folder-open-o,UI,faSet,UI
Smile ,fa fa-smile-o,social,faSet,social
Frown,fa fa-frown-o,social,faSet,social
Meh,fa fa-meh-o,social,faSet,social
Gamepad,fa fa-gamepad,technology,faSet,technology
Keyboard,fa fa-keyboard-o,technology,faSet,technology
Flag,fa fa-flag-o,UI,faSet,UI
Flag Checkerred,fa fa-flag-checkered,UI,faSet,UI
Terminal,fa fa-terminal,technology,faSet,technology
Code,fa fa-code,technology,faSet,technology
Reply All,fa fa-reply-all,UI,faSet,UI
Mail Reply All,fa fa-mail-reply-all,UI,faSet,UI
Star Half,fa fa-star-half-o,UI,faSet,UI
Arrow Location,fa fa-location-arrow,UI,faSet,UI
Crop,fa fa-crop,entertainment,faSet,"entertainment, media"
Fork Code,fa fa-code-fork,technology,faSet,technology
Unlink,fa fa-unlink,UI,faSet,UI
Question,fa fa-question,UI,faSet,UI
Info,fa fa-info,UI,faSet,UI
Exclamation,fa fa-exclamation,UI,faSet,UI
Superscript,fa fa-superscript,UI,faSet,UI
Subscript,fa fa-subscript,UI,faSet,UI
Eraser,fa fa-eraser,business,faSet,business
Puzzle Piece,fa fa-puzzle-piece,UI,faSet,UI
Audio,fa fa-microphone,entertainment,faSet,"entertainment, media"
Mute,fa fa-microphone-slash,entertainment,faSet,"entertainment, media"
Shield,fa fa-shield,UI,faSet,UI
Calendar,fa fa-calendar-o,business,faSet,business
Fire Exttinguisher,fa fa-fire-extinguisher,UI,faSet,UI
Rocket,fa fa-rocket,travel,faSet,travel
Max CDN,fa fa-maxcdn,technology,faSet,technology
Circle Chevron Left,fa fa-chevron-circle-left,UI,faSet,UI
Circle Chevron Right,fa fa-chevron-circle-right,UI,faSet,UI
Circle Chevron Up,fa fa-chevron-circle-up,UI,faSet,UI
Circle Chevron Down,fa fa-chevron-circle-down,UI,faSet,UI
HTML5,fa fa-html5,technology,faSet,technology
CSS3,fa fa-css3,technology,faSet,technology
Anchor ,fa fa-anchor,UI,faSet,UI
Unlock,fa fa-unlock-alt,UI,faSet,UI
Bullseye,fa fa-bullseye,UI,faSet,UI
Ellipsis,fa fa-ellipsis-h,UI,faSet,UI
Ellipsis,fa fa-ellipsis-v,UI,faSet,UI
Ellipsis Vertical,fa fa-ellipsis-v,UI,faSet,UI
RSS,fa fa-rss-square,social,faSet,social
Play,fa fa-play-circle,entertainment,faSet,"entertainment, media"
Ticket,fa fa-ticket,UI,faSet,UI
Minus,fa fa-minus-square,UI,faSet,UI
Minus,fa fa-minus-square-o,UI,faSet,UI
Level Up,fa fa-level-up,UI,faSet,UI
Level Down,fa fa-level-down,UI,faSet,UI
OK,fa fa-check-square,UI,faSet,UI
Pencil,fa fa-pencil-square,business,faSet,business
Link,fa fa-external-link-square,UI,faSet,UI
Compass,fa fa-compass,UI,faSet,UI
Share,fa fa-share-square,UI,faSet,UI
Caret Square Up,fa fa-caret-square-o-up,UI,faSet,UI
Caret Square Down,fa fa-caret-square-o-down,UI,faSet,UI
Caret Square Right,fa fa-caret-square-o-right,UI,faSet,UI
Euro,fa fa-eur,business,faSet,business
British Pound,fa fa-gbp,business,faSet,business
US Dollar,fa fa-usd,business,faSet,business
Indian Rupee,fa fa-inr,business,faSet,business
Japenese Yen,fa fa-jpy,business,faSet,business
Chinese Yuan,fa fa-cny,business,faSet,business
So Korean Won,fa fa-krw,business,faSet,business
Bitcoin,fa fa-btc,business,faSet,business
File,fa fa-file,business,faSet,business
Document,fa fa-file-text,business,faSet,business
Sort Alpha Asc,fa fa-sort-alpha-asc,UI,faSet,UI
Sort Alpha Desc,fa fa-sort-alpha-desc,UI,faSet,UI
Sort Amount Asc,fa fa-sort-amount-asc,UI,faSet,UI
Sort Amount Desc,fa fa-sort-amount-desc,UI,faSet,UI
Sort Numeric Asc,fa fa-sort-numeric-asc,UI,faSet,UI
Sort Numeric Desc,fa fa-sort-numeric-desc,UI,faSet,UI
Thumbs Up,fa fa-thumbs-up,social,faSet,social
Thumbs Down,fa fa-thumbs-down,social,faSet,social
YouTube,fa fa-youtube-square,social,faSet,social
YouTube,fa fa-youtube,social,faSet,social
Xing,fa fa-xing,social,faSet,social
Xing,fa fa-xing-square,social,faSet,social
YouTube Play,fa fa-youtube-play,social,faSet,social
DropBox,fa fa-dropbox,social,faSet,social
Stack Overflow,fa fa-stack-overflow,social,faSet,social
Instagram,fa fa-instagram,social,faSet,social
Flickr,fa fa-flickr,social,faSet,social
Ad-n,fa fa-adn,social,faSet,social
BitBucket,fa fa-bitbucket,social,faSet,social
BitBucket,fa fa-bitbucket-square,social,faSet,social
Tumblr,fa fa-tumblr,social,faSet,social
Tumblr,fa fa-tumblr-square,social,faSet,social
Arrow Long Down,fa fa-long-arrow-down,UI,faSet,UI
Arrow Long Up,fa fa-long-arrow-up,UI,faSet,UI
Arrow Long Left,fa fa-long-arrow-left,UI,faSet,UI
Arrow Long Right,fa fa-long-arrow-right,UI,faSet,UI
Apple,fa fa-apple,technology,faSet,technology
Windows,fa fa-windows,technology,faSet,technology
Android,fa fa-android,technology,faSet,technology
Linux,fa fa-linux,technology,faSet,technology
Dribble,fa fa-dribbble,social,faSet,social
Skype,fa fa-skype,social,faSet,social
FourSquare,fa fa-foursquare,social,faSet,social
Trello,fa fa-trello,social,faSet,social
Female,fa fa-female,social,faSet,social
Male,fa fa-male,social,faSet,social
GitTip,fa fa-gittip,social,faSet,social
Sun,fa fa-sun-o,nature,faSet,nature
Moon,fa fa-moon-o,nature,faSet,nature
Archive,fa fa-archive,UI,faSet,UI
Bug,fa fa-bug,technology,faSet,technology
Vk,fa fa-vk,social,faSet,social
Weibo,fa fa-weibo,social,faSet,social
RenRen,fa fa-renren,social,faSet,social
PageLines,fa fa-pagelines,social,faSet,social
Stack Exchange,fa fa-stack-exchange,social,faSet,social
Circle Arrow Right,fa fa-arrow-circle-o-right,UI,faSet,UI
Circle Arrow Left,fa fa-arrow-circle-o-left,UI,faSet,UI
Square Caret Left,fa fa-caret-square-o-left,UI,faSet,UI
Circle Dot,fa fa-dot-circle-o,UI,faSet,UI
Wheelchair,fa fa-wheelchair,UI,faSet,UI
Vimeo,fa fa-vimeo-square,social,faSet,social
Try,fa fa-try,social,faSet,social
Square Plus,fa fa-plus-square-o,UI,faSet,UI
Alarm Clock,bb-alarm-clock,objects,bbSet,"objects, time"
Bar Chart,bb-bar-chart,business,bbSet,business
Barrel,bb-barrel,food,bbSet,food
Battery,bb-battery,technology,bbSet,technology
BBM,bb-bbm,social,bbSet,social
BB Logo,bb-bbry-logo,business,bbSet,business
Binders,bb-binders,office,bbSet,office
Bluetooth,bb-bluetooth,technology,bbSet,technology
Bookmark,bb-bookmark,UI,bbSet,UI
Bookmark Plus,bb-bookmark-plus,UI,bbSet,UI
Box,bb-box-closed,office,bbSet,office
Box,bb-box-open,office,bbSet,office
Briefcase,bb-briefcase,office,bbSet,office
Buggy,bb-buggy,objects,bbSet,objects
Bullseye,bb-bullseye,UI,bbSet,UI
Calculator,bb-calculator,office,bbSet,office
Calendar,bb-calendar,office,bbSet,office
Calendar Plus,bb-calendar-plus,office,bbSet,office
Incoming Call,bb-call-incoming,social,bbSet,social
Outgoing Call,bb-call-outgoing,social,bbSet,social
Returned Call,bb-call-returned,social,bbSet,social
Camera,bb-camera-still,entertainment,bbSet,"entertainment, media"
Video Camera,bb-camera-video,entertainment,bbSet,"entertainment, media"
Chat Bubble,bb-chat-bubble,social,bbSet,social
Checkmark,bb-checked,UI,bbSet,UI
Circle Arrow Down,bb-circle-arrow-down,UI,bbSet,UI
Circle Arrow Left,bb-circle-arrow-left,UI,bbSet,UI
Circle Arrow Right,bb-circle-arrow-right,UI,bbSet,UI
Circle Arrow Up,bb-circle-arrow-up,UI,bbSet,UI
Go Back,bb-circle-back,UI,bbSet,UI
Go to Beginning,bb-circle-beginning,UI,bbSet,UI
Dollar,bb-circle-dollar,business,bbSet,business
Go to End,bb-circle-end,UI,bbSet,UI
Euro,bb-circle-euro,business,bbSet,business
Facebook,bb-circle-facebook-o,social,bbSet,social
Flickr,bb-circle-flickr-o,social,bbSet,social
Forward,bb-circle-forward,UI,bbSet,UI
Google Plus,bb-circle-googleplus-o,social,bbSet,social
Info,bb-circle-info,UI,bbSet,UI
Info,bb-circle-info-1,UI,bbSet,UI
LinkedIN,bb-circle-linkedin-o,social,bbSet,social
Next,bb-circle-next,UI,bbSet,UI
Open,bb-circle-open,UI,bbSet,UI
Pause,bb-circle-pause,UI,bbSet,UI
Pinterest,bb-circle-pinterest-o,social,bbSet,social
Play,bb-circle-play,UI,bbSet,UI
Play/Pause,bb-circle-play-pause,UI,bbSet,UI
Pound,bb-circle-pound,business,bbSet,business
Previous,bb-circle-previous,UI,bbSet,UI
Question,bb-circle-question,UI,bbSet,UI
Record,bb-circle-record,UI,bbSet,UI
RSS,bb-circle-rss-o,social,bbSet,social
Stop,bb-circle-stop,UI,bbSet,UI
Twitter,bb-circle-twitter-bird-o,social,bbSet,social
Twitter,bb-circle-twitter-o,social,bbSet,social
Vimeo,bb-circle-vimeo-o,social,bbSet,social
YouTube,bb-circle-youtube-o,social,bbSet,social
Clipboard,bb-clipboard,office,bbSet,office
Clock,bb-clock,office,bbSet,office
Close,bb-close,UI,bbSet,UI
Cloud,bb-cloud,technology,bbSet,technology
Cloud Download,bb-cloud-download,technology,bbSet,technology
Cloud Upload,bb-cloud-upload,technology,bbSet,technology
Compass,bb-compass,UI,bbSet,UI
Contacts,bb-contacts,UI,bbSet,UI
BBM Contacts,bb-contacts-bbm,social,bbSet,social
Contacts Plus,bb-contacts-plus,social,bbSet,social
Credit Cards,bb-credit-cards,business,bbSet,business
Desk Lamp,bb-desk-lamp,office,bbSet,office
Document,bb-document,office,bbSet,office
Eighth Notes,bb-eighth-notes,entertainment,bbSet,"entertainment, media"
Full Screen,bb-envelope-open,UI,bbSet,UI
Exit Full Screen,bb-exit-full-screen,UI,bbSet,UI
Exit Full Screen,bb-exit-full-screen-1,UI,bbSet,UI
Film Strip,bb-film-strip,entertainment,bbSet,"entertainment, media"
Flag,bb-flag-1,objects,bbSet,objects
Chequered flag,bb-flag-chequered-1,sports,bbSet,sports
Chequered flag,bb-flag-chequered-2,sports,bbSet,sports
Golf Flag,bb-flag-golf,sports,bbSet,sports
Golf Green,bb-flag-golf-green,sports,bbSet,sports
Folder Closed,bb-folder-closed,office,bbSet,office
Folder Open,bb-folder-open,office,bbSet,office
Font Size,bb-font-size,UI,bbSet,UI
Footprints,bb-footprints,people,bbSet,people
Fountain Pen,bb-fountain-pen,office,bbSet,office
Full Screen,bb-full-screen,UI,bbSet,UI
Glasses,bb-glasses-2,people,bbSet,people
Glasses,bb-glasses-3,people,bbSet,people
Gear,bb-gear,UI,bbSet,UI
Glasses,bb-glasses-1,people,bbSet,people
Group,bb-group,people,bbSet,people
Hand Truck,bb-hand-truck,office,bbSet,office
Headphones,bb-headphones,entertainment,bbSet,"entertainment, media"
Heart,bb-heart,UI,bbSet,UI
Home,bb-home,UI,bbSet,UI
Home Plus,bb-home-plus,UI,bbSet,UI
Key,bb-key,objects,bbSet,objects
Utensils,bb-knife-fork,food,bbSet,food
Place Setting,bb-knife-fork-plate,food,bbSet,food
iPod,bb-layer-10,entertainment,bbSet,"entertainment, media"
Web Link,bb-link1,UI,bbSet,UI
Web Link,bb-link2,UI,bbSet,UI
Locked,bb-locked,UI,bbSet,UI
Magic 8 Ball,bb-magic8-ball,objects,bbSet,objects
Magnifying Glass,bb-magnifying-glass,objects,bbSet,objects
Mail,bb-mail,office,bbSet,office
Man,bb-man-turtleneck,people,bbSet,people
Man,bb-man-vneck,people,bbSet,people
Map Marker,bb-map-marker,objects,bbSet,objects
Megaphone,bb-megaphone,objects,bbSet,objects
Main Menu,bb-main-menu,UI,bbSet,UI
Menu Overflow,bb-menu-overflow,UI,bbSet,UI
Retro Mic,bb-mic-retro,entertainment,bbSet,"entertainment, media"
Mobile,bb-mobile,technology,bbSet,"technology, social"
Monitor,bb-monitor,technology,bbSet,technology
Moon & Stars,bb-moon-stars,nature,bbSet,nature
Motorcycle,bb-motor-bike,travel,bbSet,travel
No Entry,bb-no-entry,UI,bbSet,UI
Notification,bb-notification,UI,bbSet,UI
Paint Brush,bb-paint-brush,entertainment,bbSet,"entertainment, media"
Paint Bucket,bb-paint-bucket,entertainment,bbSet,"entertainment, media"
Paint Palette,bb-paint-pallett,entertainment,bbSet,"entertainment, media"
Pawprint,bb-pawprint,nature,bbSet,nature
Pencil,bb-pencil,office,bbSet,office
Photos,bb-photos,entertainment,bbSet,"entertainment, media"
Piano Keys,bb-piano-keys,entertainment,bbSet,"entertainment, media"
Pie Chart,bb-pie-chart,business,bbSet,business
Poaroid,bb-polaroid-tulip,entertainment,bbSet,entertainment
Printer,bb-printer,office,bbSet,"office, technology"
Radio,bb-radio,entertainment,bbSet,"entertainment, media"
Refresh,bb-refresh,UI,bbSet,UI
Reload,bb-reload,UI,bbSet,UI
Reply,bb-reply,social,bbSet,social
Ring Buoy,bb-ring-buoy,objects,bbSet,objects
Roller Blade,bb-roller-blade,objects,bbSet,objects
Sciissors,bb-scissors,office,bbSet,office
Scooter,bb-scooter,travel,bbSet,travel
Screen,bb-screen,technology,bbSet,technology
Send,bb-send,UI,bbSet,UI
Server,bb-server,technology,bbSet,technology
Shamrock,bb-shamrock,objects,bbSet,objects
Share,bb-share,UI,bbSet,UI
Signal,bb-signal,technology,bbSet,technology
Signs,bb-signs,objects,bbSet,objects
RSS,bb-rss,social,bbSet,social
BB Spark,bb-circle-spark,social,bbSet,social
Back,bb-square-back,UI,bbSet,UI
Beginning,bb-square-beginning,UI,bbSet,UI
End,bb-square-end,UI,bbSet,UI
Facebook,bb-square-facebook,social,bbSet,social
Flickr,bb-square-flickr,social,bbSet,social
Forward,bb-square-forward,UI,bbSet,UI
Goolge Plus,bb-square-googleplus,social,bbSet,social
Web Link,bb-square-link,UI,bbSet,UI
LinkedIN,bb-square-linkedin,social,bbSet,social
Next,bb-square-next,UI,bbSet,UI
Open,bb-square-open,UI,bbSet,UI
Pause,bb-square-pause,UI,bbSet,UI
Pinterest,bb-square-pinterest,social,bbSet,social
Play,bb-square-play,UI,bbSet,UI
Previous,bb-square-previous,UI,bbSet,UI
Record,bb-square-record,UI,bbSet,UI
Repeat,bb-square-repeat,UI,bbSet,UI
RSS,bb-square-rss,social,bbSet,social
Shuffle,bb-square-shuffle,UI,bbSet,UI
Stop,bb-square-stop,UI,bbSet,UI
Twitter,bb-square-twitter,social,bbSet,social
Twitter,bb-square-twitter-bird,social,bbSet,social
Vimeo,bb-square-twitter-vimeo,social,bbSet,social
YouTube,bb-square-youtube,social,bbSet,social
Star,bb-star,nature,bbSet,nature
Sticky,bb-sticky,office,bbSet,office
Stop Sign,bb-stop-sign,travel,bbSet,travel
Stop Watch,bb-stopwatch,sports,bbSet,sports
Suitcase,bb-suitcase,travel,bbSet,travel
Suitcase,bb-suitcase-wheels,travel,bbSet,travel
Sun,bb-sun-1,nature,bbSet,nature
Sun,bb-sun-2,nature,bbSet,nature
Tag,bb-tag-1,objects,bbSet,objects
Tag,bb-tag-2,objects,bbSet,objects
Target,bb-target,UI,bbSet,UI
Thumbtack,bb-thumb-tack,office,bbSet,office
Thumbs Down,bb-thumbs-down,social,bbSet,social
Thumbs Up,bb-thumbs-up,social,bbSet,social
Ticket,bb-ticket,entertainment,bbSet,"entertainment, media"
Trash,bb-trash,objects,bbSet,objects
Umbrella,bb-umbrella,objects,bbSet,objects
Unlocked,bb-unlocked,UI,bbSet,UI
Update,bb-update,UI,bbSet,UI
Voicemail,bb-voicemail,social,bbSet,social
Volume High,bb-vol-high,entertainment,bbSet,"entertainment, media"
Volume Low,bb-vol-low,entertainment,bbSet,"entertainment, media"
Volume Medium,bb-vol-med,entertainment,bbSet,"entertainment, media"
Mute,bb-vol-mute,entertainment,bbSet,"entertainment, media"
Warning,bb-warning,UI,bbSet,UI
Wifi,bb-wifi,technology,bbSet,technology
Woman,bb-woman-turtleneck,people,bbSet,people
Woman,bb-woman-vneck,people,bbSet,people
Zoom In,bb-zoom-in,UI,bbSet,UI
Zoom Out,bb-zoom-out,UI,bbSet,UI
Infinity,bb-infinity,UI,bbSet,"UI, technology"
Cherries,bb-cherries,food,bbSet,food
Asterisk,glyphicon glyphicon-asterisk,UI,glyphSet,UI
Plus,glyphicon glyphicon-plus,UI,glyphSet,UI
Euro,glyphicon glyphicon-euro,business,glyphSet,business
Minus,glyphicon glyphicon-minus,UI,glyphSet,UI
Cloud,glyphicon glyphicon-cloud,technology,glyphSet,technology
Envelope,glyphicon glyphicon-envelope,"business, office",glyphSet,"business, office"
Pencil,glyphicon glyphicon-pencil,"business, office",glyphSet,"business, office"
Glass,glyphicon glyphicon-glass,"food, objects",glyphSet,"food, objects"
Music,glyphicon glyphicon-music,entertainment,glyphSet,"entertainment, media"
Search,glyphicon glyphicon-search,UI,glyphSet,UI
Heart,glyphicon glyphicon-heart,"People, UI",glyphSet,"People, UI"
Star,glyphicon glyphicon-star,UI,glyphSet,UI
Star Empty,glyphicon glyphicon-star-empty,UI,glyphSet,UI
User,glyphicon glyphicon-user,"people, UI",glyphSet,"people, UI"
Film,glyphicon glyphicon-film,entertainment,glyphSet,"entertainment, media"
Th Large,glyphicon glyphicon-th-large,UI,glyphSet,UI
Th,glyphicon glyphicon-th,UI,glyphSet,UI
Th List,glyphicon glyphicon-th-list,UI,glyphSet,UI
Ok,glyphicon glyphicon-ok,UI,glyphSet,UI
Remove,glyphicon glyphicon-remove,UI,glyphSet,UI
Zoom In,glyphicon glyphicon-zoom-in,UI,glyphSet,UI
Zoom Out,glyphicon glyphicon-zoom-out,UI,glyphSet,UI
Off,glyphicon glyphicon-off,UI,glyphSet,UI
Signal,glyphicon glyphicon-signal,objects,glyphSet,objects
Cog,glyphicon glyphicon-cog,UI,glyphSet,UI
Trash,glyphicon glyphicon-trash,"UI, objects",glyphSet,"UI, objects"
Home,glyphicon glyphicon-home,UI,glyphSet,UI
File,glyphicon glyphicon-file,"UI, technology",glyphSet,"UI, technology"
Time,glyphicon glyphicon-time,"UI, objects",glyphSet,"UI, objects"
Road,glyphicon glyphicon-road,"UI, travel",glyphSet,"UI, travel"
Download Alt,glyphicon glyphicon-download-alt,UI,glyphSet,UI
Download,glyphicon glyphicon-download,UI,glyphSet,UI
Upload,glyphicon glyphicon-upload,UI,glyphSet,UI
Inbox,glyphicon glyphicon-inbox,"UI, office",glyphSet,"UI, office"
Play Circle,glyphicon glyphicon-play-circle,entertainment,glyphSet,"entertainment, media"
Repeat,glyphicon glyphicon-repeat,entertainment,glyphSet,"entertainment, media"
Refresh,glyphicon glyphicon-refresh,"UI, technology",glyphSet,"UI, technology"
List Alt,glyphicon glyphicon-list-alt,UI,glyphSet,UI
Lock,glyphicon glyphicon-lock,"UI, objects",glyphSet,"UI, objects"
Flag,glyphicon glyphicon-flag,objects,glyphSet,objects
Headphones,glyphicon glyphicon-headphones,entertainment,glyphSet,"entertainment, media"
Volume Off,glyphicon glyphicon-volume-off,entertainment,glyphSet,"entertainment, media"
Volume Down,glyphicon glyphicon-volume-down,entertainment,glyphSet,"entertainment, media"
Volume Up,glyphicon glyphicon-volume-up,entertainment,glyphSet,"entertainment, media"
Qrcode,glyphicon glyphicon-qrcode,technology,glyphSet,technology
Barcode,glyphicon glyphicon-barcode,technology,glyphSet,technology
Tag,glyphicon glyphicon-tag,UI,glyphSet,UI
Tags,glyphicon glyphicon-tags,UI,glyphSet,UI
Book,glyphicon glyphicon-book,objects,glyphSet,objects
Bookmark,glyphicon glyphicon-bookmark,objects,glyphSet,objects
Print,glyphicon glyphicon-print,office,glyphSet,office
Camera,glyphicon glyphicon-camera,entertainment,glyphSet,"entertainment, media"
Font,glyphicon glyphicon-font,UI,glyphSet,UI
Bold,glyphicon glyphicon-bold,UI,glyphSet,UI
Italic,glyphicon glyphicon-italic,UI,glyphSet,UI
Line Height,glyphicon glyphicon-text-height,UI,glyphSet,UI
Text Width,glyphicon glyphicon-text-width,UI,glyphSet,UI
Align Left,glyphicon glyphicon-align-left,UI,glyphSet,UI
Align Center,glyphicon glyphicon-align-center,UI,glyphSet,UI
Align Right,glyphicon glyphicon-align-right,UI,glyphSet,UI
Align Justify,glyphicon glyphicon-align-justify,UI,glyphSet,UI
List,glyphicon glyphicon-list,UI,glyphSet,UI
Indent Left,glyphicon glyphicon-indent-left,UI,glyphSet,UI
Indent Right,glyphicon glyphicon-indent-right,UI,glyphSet,UI
Facetime Video,glyphicon glyphicon-facetime-video,entertainment,glyphSet,"entertainment, media"
Picture,glyphicon glyphicon-picture,entertainment,glyphSet,"entertainment, media"
Map Marker,glyphicon glyphicon-map-marker,travel,glyphSet,travel
Adjust,glyphicon glyphicon-adjust,UI,glyphSet,UI
Tint,glyphicon glyphicon-tint,UI,glyphSet,UI
Edit,glyphicon glyphicon-edit,UI,glyphSet,UI
Share,glyphicon glyphicon-share,"UI, social",glyphSet,"UI, social"
Check,glyphicon glyphicon-check,UI,glyphSet,UI
Move,glyphicon glyphicon-move,UI,glyphSet,UI
Step Backward,glyphicon glyphicon-step-backward,entertainment,glyphSet,"entertainment, media"
Fast Backward,glyphicon glyphicon-fast-backward,entertainment,glyphSet,"entertainment, media"
Backward,glyphicon glyphicon-backward,entertainment,glyphSet,"entertainment, media"
Fast Forward,glyphicon glyphicon-fast-forward,entertainment,glyphSet,"entertainment, media"
Step Forward,glyphicon glyphicon-step-forward,entertainment,glyphSet,"entertainment, media"
Eject,glyphicon glyphicon-eject,entertainment,glyphSet,"entertainment, media"
Chevron Left,glyphicon glyphicon-chevron-left,UI,glyphSet,UI
Chevron Right,glyphicon glyphicon-chevron-right,UI,glyphSet,UI
Plus Sign,glyphicon glyphicon-plus-sign,UI,glyphSet,UI
Minus Sign,glyphicon glyphicon-minus-sign,UI,glyphSet,UI
Remove Sign,glyphicon glyphicon-remove-sign,UI,glyphSet,UI
Ok Sign,glyphicon glyphicon-ok-sign,UI,glyphSet,UI
Question Mark,glyphicon glyphicon-question-sign,UI,glyphSet,UI
Info Sign,glyphicon glyphicon-info-sign,UI,glyphSet,UI
Screenshot,glyphicon glyphicon-screenshot,UI,glyphSet,UI
Remove Circle,glyphicon glyphicon-remove-circle,UI,glyphSet,UI
Ok Circle,glyphicon glyphicon-ok-circle,UI,glyphSet,UI
Ban Circle,glyphicon glyphicon-ban-circle,UI,glyphSet,UI
Arrow Left,glyphicon glyphicon-arrow-left,UI,glyphSet,UI
Arrow Right,glyphicon glyphicon-arrow-right,UI,glyphSet,UI
Arrow Up,glyphicon glyphicon-arrow-up,UI,glyphSet,UI
Arrow Down,glyphicon glyphicon-arrow-down,UI,glyphSet,UI
Share Alt,glyphicon glyphicon-share-alt,"UI, social",glyphSet,"UI, social"
Resize Full,glyphicon glyphicon-resize-full,UI,glyphSet,UI
Resize Small,glyphicon glyphicon-resize-small,UI,glyphSet,UI
Exclamation Sign,glyphicon glyphicon-exclamation-sign,UI,glyphSet,UI
Gift,glyphicon glyphicon-gift,objects,glyphSet,objects
Leaf,glyphicon glyphicon-leaf,objects,glyphSet,objects
Fire,glyphicon glyphicon-fire,objects,glyphSet,objects
Eye Open,glyphicon glyphicon-eye-open,people,glyphSet,people
Eye Close,glyphicon glyphicon-eye-close,people,glyphSet,people
Warning Sign,glyphicon glyphicon-warning-sign,UI,glyphSet,UI
Plane,glyphicon glyphicon-plane,objects,glyphSet,objects
Calendar,glyphicon glyphicon-calendar,"objects, office",glyphSet,"objects, office"
Random,glyphicon glyphicon-random,UI,glyphSet,UI
Comment,glyphicon glyphicon-comment,social,glyphSet,social
Magnet,glyphicon glyphicon-magnet,objects,glyphSet,objects
Chevron Up,glyphicon glyphicon-chevron-up,UI,glyphSet,UI
Chevron Down,glyphicon glyphicon-chevron-down,UI,glyphSet,UI
Retweet,glyphicon glyphicon-retweet,social,glyphSet,social
Shopping Cart,glyphicon glyphicon-shopping-cart,"objects, business",glyphSet,"objects, business"
Folder-Close,glyphicon glyphicon-folder-close,"office, technology",glyphSet,"office, technology"
Folder Open,glyphicon glyphicon-folder-open,"office, technology",glyphSet,"office, technology"
Resize Vertical,glyphicon glyphicon-resize-vertical,UI,glyphSet,UI
Resize Horizontal,glyphicon glyphicon-resize-horizontal,UI,glyphSet,UI
Hdd,glyphicon glyphicon-hdd,entertainment,glyphSet,"entertainment, media"
Bullhorn,glyphicon glyphicon-bullhorn,objects,glyphSet,objects
Bell,glyphicon glyphicon-bell,objects,glyphSet,objects
Certificate,glyphicon glyphicon-certificate,UI,glyphSet,UI
Thumbs Up,glyphicon glyphicon-thumbs-up,social,glyphSet,social
Thumbs Down,glyphicon glyphicon-thumbs-down,social,glyphSet,social
Hand Right,glyphicon glyphicon-hand-right,social,glyphSet,social
Hand Left,glyphicon glyphicon-hand-left,social,glyphSet,social
Hand Up,glyphicon glyphicon-hand-up,social,glyphSet,social
Hand Down,glyphicon glyphicon-hand-down,social,glyphSet,social
Circle Arrow Right,glyphicon glyphicon-circle-arrow-right,UI,glyphSet,UI
Circle Arrow Left,glyphicon glyphicon-circle-arrow-left,UI,glyphSet,UI
Circle Arrow Up,glyphicon glyphicon-circle-arrow-up,UI,glyphSet,UI
Circle Arrow Down,glyphicon glyphicon-circle-arrow-down,UI,glyphSet,UI
Globe,glyphicon glyphicon-globe,UI,glyphSet,UI
Wrench,glyphicon glyphicon-wrench,objects,glyphSet,objects
Tasks,glyphicon glyphicon-tasks,UI,glyphSet,UI
Filter,glyphicon glyphicon-filter,UI,glyphSet,UI
Briefcase,glyphicon glyphicon-briefcase,"office, business, objects",glyphSet,"office, business, objects"
Full Screen,glyphicon glyphicon-fullscreen,UI,glyphSet,UI
Dashboard,glyphicon glyphicon-dashboard,UI,glyphSet,UI
Paperclip,glyphicon glyphicon-paperclip,"objects, office",glyphSet,"objects, office"
Heart Empty,glyphicon glyphicon-heart-empty,"people, UI",glyphSet,"people, UI"
Link,glyphicon glyphicon-link,UI,glyphSet,UI
Phone,glyphicon glyphicon-phone,objects,glyphSet,objects
Pushpin,glyphicon glyphicon-pushpin,"office, objects",glyphSet,"office, objects"
USD,glyphicon glyphicon-usd,business,glyphSet,business
GBP,glyphicon glyphicon-gbp,business,glyphSet,business
Sort,glyphicon glyphicon-sort,UI,glyphSet,UI
Sort by Alphabet,glyphicon glyphicon-sort-by-alphabet,UI,glyphSet,UI
Sort by Alphabet Alt,glyphicon glyphicon-sort-by-alphabet-alt,UI,glyphSet,UI
Sort by Order,glyphicon glyphicon-sort-by-order,UI,glyphSet,UI
Sort by Order Alt,glyphicon glyphicon-sort-by-order-alt,UI,glyphSet,UI
Sort by Attributes,glyphicon glyphicon-sort-by-attributes,UI,glyphSet,UI
Sort by Attributes Alt,glyphicon glyphicon-sort-by-attributes-alt,UI,glyphSet,UI
Unchecked ,glyphicon glyphicon-unchecked,UI,glyphSet,UI
Expand,glyphicon glyphicon-expand,UI,glyphSet,UI
Collapse Down,glyphicon glyphicon-collapse-down,UI,glyphSet,UI
Collapse Up,glyphicon glyphicon-collapse-up,UI,glyphSet,UI
Login,glyphicon glyphicon-log-in,UI,glyphSet,UI
Flash,glyphicon glyphicon-flash,UI,glyphSet,UI
Logout,glyphicon glyphicon-log-out,UI,glyphSet,UI
New Window,glyphicon glyphicon-new-window,UI,glyphSet,UI
Record,glyphicon glyphicon-record,entertainment,glyphSet,entertainment
Save,glyphicon glyphicon-save,"UI, technology",glyphSet,"UI, technology"
Open,glyphicon glyphicon-open,"UI, technology",glyphSet,"UI, technology"
Saved,glyphicon glyphicon-saved,"UI, technology",glyphSet,"UI, technology"
Import,glyphicon glyphicon-import,"UI, technology",glyphSet,"UI, technology"
Export,glyphicon glyphicon-export,"UI, technology",glyphSet,"UI, technology"
Send,glyphicon glyphicon-send,"UI, technology",glyphSet,"UI, technology"
Floppy Disk,glyphicon glyphicon-floppy-disk,"UI, technology",glyphSet,"UI, technology"
Floppy Saved,glyphicon glyphicon-floppy-saved,"UI, technology",glyphSet,"UI, technology"
Floppy Remove,glyphicon glyphicon-remove,"UI, technology",glyphSet,"UI, technology"
Floppy Save,glyphicon glyphicon-save,"UI, technology",glyphSet,"UI, technology"
Floppy Open,glyphicon glyphicon-open,"UI, technology",glyphSet,"UI, technology"
Credit Card,glyphicon glyphicon-credit-card,business,glyphSet,business
Transfer,glyphicon glyphicon-transfer,"UI, technology",glyphSet,"UI, technology"
Cutlery,glyphicon glyphicon-cutlery,food,glyphSet,food
Header,glyphicon glyphicon-header,UI,glyphSet,UI
Compressed,glyphicon glyphicon-compressed,UI,glyphSet,UI
Earphone,glyphicon glyphicon-earphone,entertainment,glyphSet,entertainment
Phone Alt,glyphicon glyphicon-phone-alt,objects,glyphSet,objects
Tower,glyphicon glyphicon-tower,objects,glyphSet,objects
Stats,glyphicon glyphicon-stats,"UI, business",glyphSet,"UI, business"
SD Video,glyphicon glyphicon-sd-video,entertainment,glyphSet,"entertainment, media"
HD Video,glyphicon glyphicon-hd-video,entertainment,glyphSet,"entertainment, media"
Subtitles,glyphicon glyphicon-subtitles,entertainment,glyphSet,"entertainment, media"
Stereo Sound,glyphicon glyphicon-sound-stereo,entertainment,glyphSet,"entertainment, media"
Dolby Sound,glyphicon glyphicon-sound-dolby,entertainment,glyphSet,"entertainment, media"
Sound 5.1,glyphicon glyphicon-sound-5-1,entertainment,glyphSet,"entertainment, media"
Sound 6.1,glyphicon glyphicon-sound-6-1,entertainment,glyphSet,"entertainment, media"
Sound 7.1,glyphicon glyphicon-sound-7-1,entertainment,glyphSet,"entertainment, media"
Copyright,glyphicon glyphicon-copyright-mark,business,glyphSet,business
Registered ,glyphicon glyphicon-registration-mark,business,glyphSet,business
Download,glyphicon glyphicon-cloud-download,"UI, technology",glyphSet,"UI, technology"
Upload,glyphicon glyphicon-cloud-upload,"UI, technology",glyphSet,"UI, technology"
Tree Conifer,glyphicon glyphicon-tree-conifer,nature,glyphSet,nature
Tree Deciduous,glyphicon glyphicon-tree-deciduous,nature,glyphSet,nature
Alert,ion-alert,,ionicSet,
Alert,ion-alert-circled,,ionicSet,
add,ion-android-add,,ionicSet,android
add-circle,ion-android-add-circle,,ionicSet,android
alarm-clock,ion-android-alarm-clock,,ionicSet,android
alert,ion-android-alert,,ionicSet,android
apps,ion-android-apps,,ionicSet,android
archive,ion-android-archive,,ionicSet,android
arrow-back,ion-android-arrow-back,,ionicSet,android
arrow-down,ion-android-arrow-down,,ionicSet,android
arrow-dropdown,ion-android-arrow-dropdown,,ionicSet,android
arrow-dropdown-circle,ion-android-arrow-dropdown-circle,,ionicSet,android
arrow-dropleft,ion-android-arrow-dropleft,,ionicSet,android
arrow-dropleft-circle,ion-android-arrow-dropleft-circle,,ionicSet,android
arrow-dropright,ion-android-arrow-dropright,,ionicSet,android
arrow-dropright-circle,ion-android-arrow-dropright-circle,,ionicSet,android
arrow-dropup,ion-android-arrow-dropup,,ionicSet,android
arrow-dropup-circle,ion-android-arrow-dropup-circle,,ionicSet,android
arrow-forward,ion-android-arrow-forward,,ionicSet,android
arrow-up,ion-android-arrow-up,,ionicSet,android
attach,ion-android-attach,,ionicSet,android
bar,ion-android-bar,,ionicSet,android
bicycle,ion-android-bicycle,travel,ionicSet,android
boat,ion-android-boat,travel,ionicSet,android
bookmark,ion-android-bookmark,,ionicSet,android
bulb,ion-android-bulb,,ionicSet,android
bus,ion-android-bus,travel,ionicSet,android
calendar,ion-android-calendar,,ionicSet,android
call,ion-android-call,,ionicSet,android
camera,ion-android-camera,,ionicSet,android
cancel,ion-android-cancel,,ionicSet,android
car,ion-android-car,travel,ionicSet,android
cart,ion-android-cart,,ionicSet,android
chat,ion-android-chat,,ionicSet,android
checkbox,ion-android-checkbox,,ionicSet,android
checkbox-blank,ion-android-checkbox-blank,,ionicSet,android
checkbox-outline,ion-android-checkbox-outline,,ionicSet,android
checkbox-outline-blank,ion-android-checkbox-outline-blank,,ionicSet,android
checkmark-circle,ion-android-checkmark-circle,,ionicSet,android
clipboard,ion-android-clipboard,,ionicSet,android
close,ion-android-close,,ionicSet,android
cloud,ion-android-cloud,,ionicSet,android
cloud-circle,ion-android-cloud-circle,,ionicSet,android
cloud-done,ion-android-cloud-done,,ionicSet,android
cloud-outline,ion-android-cloud-outline,,ionicSet,android
color-palette,ion-android-color-palette,,ionicSet,android
compass,ion-android-compass,,ionicSet,android
contact,ion-android-contact,,ionicSet,android
contacts,ion-android-contacts,,ionicSet,android
contract,ion-android-contract,,ionicSet,android
create,ion-android-create,,ionicSet,android
delete,ion-android-delete,,ionicSet,android
desktop,ion-android-desktop,,ionicSet,android
document,ion-android-document,,ionicSet,android
done,ion-android-done,,ionicSet,android
done-all,ion-android-done-all,,ionicSet,android
download,ion-android-download,,ionicSet,android
drafts,ion-android-drafts,,ionicSet,android
exit,ion-android-exit,,ionicSet,android
expand,ion-android-expand,,ionicSet,android
favorite,ion-android-favorite,,ionicSet,android
favorite-outline,ion-android-favorite-outline,,ionicSet,android
film,ion-android-film,,ionicSet,android
folder,ion-android-folder,,ionicSet,android
folder-open,ion-android-folder-open,,ionicSet,android
funnel,ion-android-funnel,,ionicSet,android
globe,ion-android-globe,,ionicSet,android
hand,ion-android-hand,,ionicSet,android
hangout,ion-android-hangout,,ionicSet,android
happy,ion-android-happy,,ionicSet,android
home,ion-android-home,,ionicSet,android
image,ion-android-image,,ionicSet,android
laptop,ion-android-laptop,,ionicSet,android
list,ion-android-list,,ionicSet,android
locate,ion-android-locate,,ionicSet,android
lock,ion-android-lock,,ionicSet,android
mail,ion-android-mail,,ionicSet,android
map,ion-android-map,,ionicSet,android
menu,ion-android-menu,,ionicSet,android
microphone,ion-android-microphone,,ionicSet,android
microphone-off,ion-android-microphone-off,,ionicSet,android
more-horizontal,ion-android-more-horizontal,,ionicSet,android
more-vertical,ion-android-more-vertical,,ionicSet,android
navigate,ion-android-navigate,,ionicSet,android
notifications,ion-android-notifications,,ionicSet,android
notifications-none,ion-android-notifications-none,,ionicSet,android
notifications-off,ion-android-notifications-off,,ionicSet,android
open,ion-android-open,,ionicSet,android
options,ion-android-options,,ionicSet,android
people,ion-android-people,,ionicSet,android
person,ion-android-person,,ionicSet,android
person-add,ion-android-person-add,,ionicSet,android
phone-landscape,ion-android-phone-landscape,,ionicSet,android
phone-portrait,ion-android-phone-portrait,,ionicSet,android
pin,ion-android-pin,,ionicSet,android
plane,ion-android-plane,,ionicSet,android
playstore,ion-android-playstore,,ionicSet,android
print,ion-android-print,,ionicSet,android
radio-button-off,ion-android-radio-button-off,,ionicSet,android
radio-button-on,ion-android-radio-button-on,,ionicSet,android
refresh,ion-android-refresh,,ionicSet,android
remove,ion-android-remove,,ionicSet,android
remove-circle,ion-android-remove-circle,,ionicSet,android
restaurant,ion-android-restaurant,,ionicSet,android
sad,ion-android-sad,,ionicSet,android
search,ion-android-search,,ionicSet,android
send,ion-android-send,,ionicSet,android
settings,ion-android-settings,,ionicSet,android
share,ion-android-share,,ionicSet,android
share-alt,ion-android-share-alt,,ionicSet,android
star,ion-android-star,,ionicSet,android
star-half,ion-android-star-half,,ionicSet,android
star-outline,ion-android-star-outline,,ionicSet,android
stopwatch,ion-android-stopwatch,,ionicSet,android
subway,ion-android-subway,,ionicSet,android
sunny,ion-android-sunny,,ionicSet,android
sync,ion-android-sync,,ionicSet,android
textsms,ion-android-textsms,,ionicSet,android
time,ion-android-time,,ionicSet,android
train,ion-android-train,,ionicSet,android
unlock,ion-android-unlock,,ionicSet,android
upload,ion-android-upload,,ionicSet,android
volume-down,ion-android-volume-down,,ionicSet,android
volume-mute,ion-android-volume-mute,,ionicSet,android
volume-off,ion-android-volume-off,,ionicSet,android
volume-up,ion-android-volume-up,,ionicSet,android
walk,ion-android-walk,,ionicSet,android
warning,ion-android-warning,,ionicSet,android
watch,ion-android-watch,,ionicSet,android
wifi,ion-android-wifi,,ionicSet,android
aperture,ion-aperture,,ionicSet,
archive,ion-archive,,ionicSet,
arrow-down-a,ion-arrow-down-a,,ionicSet,
arrow-down-b,ion-arrow-down-b,,ionicSet,
arrow-down-c,ion-arrow-down-c,,ionicSet,
arrow-expand,ion-arrow-expand,,ionicSet,
arrow-graph-down-left,ion-arrow-graph-down-left,,ionicSet,
arrow-graph-down-right,ion-arrow-graph-down-right,,ionicSet,
arrow-graph-up-left,ion-arrow-graph-up-left,,ionicSet,
arrow-graph-up-right,ion-arrow-graph-up-right,,ionicSet,
arrow-left-a,ion-arrow-left-a,,ionicSet,
arrow-left-b,ion-arrow-left-b,,ionicSet,
arrow-left-c,ion-arrow-left-c,,ionicSet,
arrow-move,ion-arrow-move,,ionicSet,
arrow-resize,ion-arrow-resize,,ionicSet,
arrow-return-left,ion-arrow-return-left,,ionicSet,
arrow-return-right,ion-arrow-return-right,,ionicSet,
arrow-right-a,ion-arrow-right-a,,ionicSet,
arrow-right-b,ion-arrow-right-b,,ionicSet,
arrow-right-c,ion-arrow-right-c,,ionicSet,
arrow-shrink,ion-arrow-shrink,,ionicSet,
arrow-swap,ion-arrow-swap,,ionicSet,
arrow-up-a,ion-arrow-up-a,,ionicSet,
arrow-up-b,ion-arrow-up-b,,ionicSet,
arrow-up-c,ion-arrow-up-c,,ionicSet,
asterisk,ion-asterisk,,ionicSet,
at,ion-at,,ionicSet,
backspace,ion-backspace,,ionicSet,
backspace-outline,ion-backspace-outline,,ionicSet,
bag,ion-bag,,ionicSet,
battery-charging,ion-battery-charging,,ionicSet,
battery-empty,ion-battery-empty,,ionicSet,
battery-full,ion-battery-full,,ionicSet,
battery-half,ion-battery-half,,ionicSet,
battery-low,ion-battery-low,,ionicSet,
beaker,ion-beaker,,ionicSet,
beer,ion-beer,,ionicSet,
bluetooth,ion-bluetooth,,ionicSet,
bonfire,ion-bonfire,,ionicSet,
bookmark,ion-bookmark,,ionicSet,
bowtie,ion-bowtie,,ionicSet,
briefcase,ion-briefcase,,ionicSet,
bug,ion-bug,,ionicSet,
calculator,ion-calculator,,ionicSet,
calendar,ion-calendar,,ionicSet,
camera,ion-camera,,ionicSet,
card,ion-card,,ionicSet,
cash,ion-cash,,ionicSet,
chatbox,ion-chatbox,,ionicSet,
chatbox-working,ion-chatbox-working,,ionicSet,
chatboxes,ion-chatboxes,,ionicSet,
chatbubble,ion-chatbubble,,ionicSet,
chatbubble-working,ion-chatbubble-working,,ionicSet,
chatbubbles,ion-chatbubbles,,ionicSet,
checkmark,ion-checkmark,,ionicSet,
checkmark-circled,ion-checkmark-circled,,ionicSet,
checkmark-round,ion-checkmark-round,,ionicSet,
chevron-down,ion-chevron-down,,ionicSet,
chevron-left,ion-chevron-left,,ionicSet,
chevron-right,ion-chevron-right,,ionicSet,
chevron-up,ion-chevron-up,,ionicSet,
clipboard,ion-clipboard,,ionicSet,
clock,ion-clock,,ionicSet,
close,ion-close,,ionicSet,
close-circled,ion-close-circled,,ionicSet,
close-round,ion-close-round,,ionicSet,
closed-captioning,ion-closed-captioning,,ionicSet,
cloud,ion-cloud,,ionicSet,
code,ion-code,,ionicSet,
code-download,ion-code-download,,ionicSet,
code-working,ion-code-working,,ionicSet,
coffee,ion-coffee,,ionicSet,
compass,ion-compass,,ionicSet,
compose,ion-compose,,ionicSet,
connection-bars,ion-connection-bars,,ionicSet,
contrast,ion-contrast,,ionicSet,
crop,ion-crop,,ionicSet,
cube,ion-cube,,ionicSet,
disc,ion-disc,,ionicSet,
document,ion-document,,ionicSet,
document-text,ion-document-text,,ionicSet,
drag,ion-drag,,ionicSet,
earth,ion-earth,,ionicSet,
easel,ion-easel,,ionicSet,
edit,ion-edit,,ionicSet,
egg,ion-egg,,ionicSet,
eject,ion-eject,,ionicSet,
email,ion-email,,ionicSet,
email-unread,ion-email-unread,,ionicSet,
erlenmeyer-flask,ion-erlenmeyer-flask,,ionicSet,
erlenmeyer-flask-bubbles,ion-erlenmeyer-flask-bubbles,,ionicSet,
eye,ion-eye,,ionicSet,
eye-disabled,ion-eye-disabled,,ionicSet,
female,ion-female,,ionicSet,
filing,ion-filing,,ionicSet,
film-marker,ion-film-marker,,ionicSet,
fireball,ion-fireball,,ionicSet,
flag,ion-flag,,ionicSet,
flame,ion-flame,,ionicSet,
flash,ion-flash,,ionicSet,
flash-off,ion-flash-off,,ionicSet,
folder,ion-folder,,ionicSet,
fork,ion-fork,,ionicSet,
fork-repo,ion-fork-repo,,ionicSet,
forward,ion-forward,,ionicSet,
funnel,ion-funnel,,ionicSet,
gear-a,ion-gear-a,,ionicSet,
gear-b,ion-gear-b,,ionicSet,
grid,ion-grid,,ionicSet,
hammer,ion-hammer,,ionicSet,
happy,ion-happy,,ionicSet,
happy-outline,ion-happy-outline,,ionicSet,
headphone,ion-headphone,,ionicSet,
heart,ion-heart,,ionicSet,
heart-broken,ion-heart-broken,,ionicSet,
help,ion-help,,ionicSet,
help-buoy,ion-help-buoy,,ionicSet,
help-circled,ion-help-circled,,ionicSet,
home,ion-home,,ionicSet,
icecream,ion-icecream,,ionicSet,
image,ion-image,,ionicSet,
images,ion-images,,ionicSet,
information,ion-information,,ionicSet,
information-circled,ion-information-circled,,ionicSet,
ionicSet,ion-ionicSet,,ionicSet,
alarm,ion-ios-alarm,,ionicSet,ios
alarm-outline,ion-ios-alarm-outline,,ionicSet,ios
albums,ion-ios-albums,,ionicSet,ios
albums-outline,ion-ios-albums-outline,,ionicSet,ios
americanfootball,ion-ios-americanfootball,,ionicSet,ios
americanfootball-outline,ion-ios-americanfootball-outline,,ionicSet,ios
analytics,ion-ios-analytics,,ionicSet,ios
analytics-outline,ion-ios-analytics-outline,,ionicSet,ios
arrow-back,ion-ios-arrow-back,,ionicSet,ios
arrow-down,ion-ios-arrow-down,,ionicSet,ios
arrow-forward,ion-ios-arrow-forward,,ionicSet,ios
arrow-left,ion-ios-arrow-left,,ionicSet,ios
arrow-right,ion-ios-arrow-right,,ionicSet,ios
arrow-thin-down,ion-ios-arrow-thin-down,,ionicSet,ios
arrow-thin-left,ion-ios-arrow-thin-left,,ionicSet,ios
arrow-thin-right,ion-ios-arrow-thin-right,,ionicSet,ios
arrow-thin-up,ion-ios-arrow-thin-up,,ionicSet,ios
arrow-up,ion-ios-arrow-up,,ionicSet,ios
at,ion-ios-at,,ionicSet,ios
at-outline,ion-ios-at-outline,,ionicSet,ios
barcode,ion-ios-barcode,,ionicSet,ios
barcode-outline,ion-ios-barcode-outline,,ionicSet,ios
baseball,ion-ios-baseball,,ionicSet,ios
baseball-outline,ion-ios-baseball-outline,,ionicSet,ios
basketball,ion-ios-basketball,,ionicSet,ios
basketball-outline,ion-ios-basketball-outline,,ionicSet,ios
bell,ion-ios-bell,,ionicSet,ios
bell-outline,ion-ios-bell-outline,,ionicSet,ios
body,ion-ios-body,,ionicSet,ios
body-outline,ion-ios-body-outline,,ionicSet,ios
bolt,ion-ios-bolt,,ionicSet,ios
bolt-outline,ion-ios-bolt-outline,,ionicSet,ios
book,ion-ios-book,,ionicSet,ios
book-outline,ion-ios-book-outline,,ionicSet,ios
bookmarks,ion-ios-bookmarks,,ionicSet,ios
bookmarks-outline,ion-ios-bookmarks-outline,,ionicSet,ios
box,ion-ios-box,,ionicSet,ios
box-outline,ion-ios-box-outline,,ionicSet,ios
briefcase,ion-ios-briefcase,,ionicSet,ios
briefcase-outline,ion-ios-briefcase-outline,,ionicSet,ios
browsers,ion-ios-browsers,,ionicSet,ios
browsers-outline,ion-ios-browsers-outline,,ionicSet,ios
calculator,ion-ios-calculator,,ionicSet,ios
calculator-outline,ion-ios-calculator-outline,,ionicSet,ios
calendar,ion-ios-calendar,,ionicSet,ios
calendar-outline,ion-ios-calendar-outline,,ionicSet,ios
camera,ion-ios-camera,,ionicSet,ios
camera-outline,ion-ios-camera-outline,,ionicSet,ios
cart,ion-ios-cart,,ionicSet,ios
cart-outline,ion-ios-cart-outline,,ionicSet,ios
chatboxes,ion-ios-chatboxes,,ionicSet,ios
chatboxes-outline,ion-ios-chatboxes-outline,,ionicSet,ios
chatbubble,ion-ios-chatbubble,,ionicSet,ios
chatbubble-outline,ion-ios-chatbubble-outline,,ionicSet,ios
checkmark,ion-ios-checkmark,,ionicSet,ios
checkmark-empty,ion-ios-checkmark-empty,,ionicSet,ios
checkmark-outline,ion-ios-checkmark-outline,,ionicSet,ios
circle-filled,ion-ios-circle-filled,,ionicSet,ios
circle-outline,ion-ios-circle-outline,,ionicSet,ios
clock,ion-ios-clock,,ionicSet,ios
clock-outline,ion-ios-clock-outline,,ionicSet,ios
close,ion-ios-close,,ionicSet,ios
close-empty,ion-ios-close-empty,,ionicSet,ios
close-outline,ion-ios-close-outline,,ionicSet,ios
cloud,ion-ios-cloud,,ionicSet,ios
cloud-download,ion-ios-cloud-download,,ionicSet,ios
cloud-download-outline,ion-ios-cloud-download-outline,,ionicSet,ios
cloud-outline,ion-ios-cloud-outline,,ionicSet,ios
cloud-upload,ion-ios-cloud-upload,,ionicSet,ios
cloud-upload-outline,ion-ios-cloud-upload-outline,,ionicSet,ios
cloudy,ion-ios-cloudy,,ionicSet,ios
cloudy-night,ion-ios-cloudy-night,,ionicSet,ios
cloudy-night-outline,ion-ios-cloudy-night-outline,,ionicSet,ios
cloudy-outline,ion-ios-cloudy-outline,,ionicSet,ios
cog,ion-ios-cog,,ionicSet,ios
cog-outline,ion-ios-cog-outline,,ionicSet,ios
color-filter,ion-ios-color-filter,,ionicSet,ios
color-filter-outline,ion-ios-color-filter-outline,,ionicSet,ios
color-wand,ion-ios-color-wand,,ionicSet,ios
color-wand-outline,ion-ios-color-wand-outline,,ionicSet,ios
compose,ion-ios-compose,,ionicSet,ios
compose-outline,ion-ios-compose-outline,,ionicSet,ios
contact,ion-ios-contact,,ionicSet,ios
contact-outline,ion-ios-contact-outline,,ionicSet,ios
copy,ion-ios-copy,,ionicSet,ios
copy-outline,ion-ios-copy-outline,,ionicSet,ios
crop,ion-ios-crop,,ionicSet,ios
crop-strong,ion-ios-crop-strong,,ionicSet,ios
download,ion-ios-download,,ionicSet,ios
download-outline,ion-ios-download-outline,,ionicSet,ios
drag,ion-ios-drag,,ionicSet,ios
email,ion-ios-email,,ionicSet,ios
email-outline,ion-ios-email-outline,,ionicSet,ios
eye,ion-ios-eye,,ionicSet,ios
eye-outline,ion-ios-eye-outline,,ionicSet,ios
fastforward,ion-ios-fastforward,,ionicSet,ios
fastforward-outline,ion-ios-fastforward-outline,,ionicSet,ios
filing,ion-ios-filing,,ionicSet,ios
filing-outline,ion-ios-filing-outline,,ionicSet,ios
film,ion-ios-film,,ionicSet,ios
film-outline,ion-ios-film-outline,,ionicSet,ios
flag,ion-ios-flag,,ionicSet,ios
flag-outline,ion-ios-flag-outline,,ionicSet,ios
flame,ion-ios-flame,,ionicSet,ios
flame-outline,ion-ios-flame-outline,,ionicSet,ios
flask,ion-ios-flask,,ionicSet,ios
flask-outline,ion-ios-flask-outline,,ionicSet,ios
flower,ion-ios-flower,,ionicSet,ios
flower-outline,ion-ios-flower-outline,,ionicSet,ios
folder,ion-ios-folder,,ionicSet,ios
folder-outline,ion-ios-folder-outline,,ionicSet,ios
football,ion-ios-football,,ionicSet,ios
football-outline,ion-ios-football-outline,,ionicSet,ios
game-controller-a,ion-ios-game-controller-a,,ionicSet,ios
game-controller-a-outline,ion-ios-game-controller-a-outline,,ionicSet,ios
game-controller-b,ion-ios-game-controller-b,,ionicSet,ios
game-controller-b-outline,ion-ios-game-controller-b-outline,,ionicSet,ios
gear,ion-ios-gear,,ionicSet,ios
gear-outline,ion-ios-gear-outline,,ionicSet,ios
glasses,ion-ios-glasses,,ionicSet,ios
glasses-outline,ion-ios-glasses-outline,,ionicSet,ios
grid-view,ion-ios-grid-view,,ionicSet,ios
grid-view-outline,ion-ios-grid-view-outline,,ionicSet,ios
heart,ion-ios-heart,,ionicSet,ios
heart-outline,ion-ios-heart-outline,,ionicSet,ios
help,ion-ios-help,,ionicSet,ios
help-empty,ion-ios-help-empty,,ionicSet,ios
help-outline,ion-ios-help-outline,,ionicSet,ios
home,ion-ios-home,,ionicSet,ios
home-outline,ion-ios-home-outline,,ionicSet,ios
infinite,ion-ios-infinite,,ionicSet,ios
infinite-outline,ion-ios-infinite-outline,,ionicSet,ios
information,ion-ios-information,,ionicSet,ios
information-empty,ion-ios-information-empty,,ionicSet,ios
information-outline,ion-ios-information-outline,,ionicSet,ios
ionicSet-outline,ion-ios-ionicSet-outline,,ionicSet,ios
keypad,ion-ios-keypad,,ionicSet,ios
keypad-outline,ion-ios-keypad-outline,,ionicSet,ios
lightbulb,ion-ios-lightbulb,,ionicSet,ios
lightbulb-outline,ion-ios-lightbulb-outline,,ionicSet,ios
list,ion-ios-list,,ionicSet,ios
list-outline,ion-ios-list-outline,,ionicSet,ios
location,ion-ios-location,,ionicSet,ios
location-outline,ion-ios-location-outline,,ionicSet,ios
locked,ion-ios-locked,,ionicSet,ios
locked-outline,ion-ios-locked-outline,,ionicSet,ios
loop,ion-ios-loop,,ionicSet,ios
loop-strong,ion-ios-loop-strong,,ionicSet,ios
medical,ion-ios-medical,,ionicSet,ios
medical-outline,ion-ios-medical-outline,,ionicSet,ios
medkit,ion-ios-medkit,,ionicSet,ios
medkit-outline,ion-ios-medkit-outline,,ionicSet,ios
mic,ion-ios-mic,,ionicSet,ios
mic-off,ion-ios-mic-off,,ionicSet,ios
mic-outline,ion-ios-mic-outline,,ionicSet,ios
minus,ion-ios-minus,,ionicSet,ios
minus-empty,ion-ios-minus-empty,,ionicSet,ios
minus-outline,ion-ios-minus-outline,,ionicSet,ios
monitor,ion-ios-monitor,,ionicSet,ios
monitor-outline,ion-ios-monitor-outline,,ionicSet,ios
moon,ion-ios-moon,,ionicSet,ios
moon-outline,ion-ios-moon-outline,,ionicSet,ios
more,ion-ios-more,,ionicSet,ios
more-outline,ion-ios-more-outline,,ionicSet,ios
musical-note,ion-ios-musical-note,,ionicSet,ios
musical-notes,ion-ios-musical-notes,,ionicSet,ios
navigate,ion-ios-navigate,,ionicSet,ios
navigate-outline,ion-ios-navigate-outline,,ionicSet,ios
nutrition,ion-ios-nutrition,,ionicSet,ios
nutrition-outline,ion-ios-nutrition-outline,,ionicSet,ios
paper,ion-ios-paper,,ionicSet,ios
paper-outline,ion-ios-paper-outline,,ionicSet,ios
paperplane,ion-ios-paperplane,,ionicSet,ios
paperplane-outline,ion-ios-paperplane-outline,,ionicSet,ios
partlysunny,ion-ios-partlysunny,,ionicSet,ios
partlysunny-outline,ion-ios-partlysunny-outline,,ionicSet,ios
pause,ion-ios-pause,,ionicSet,ios
pause-outline,ion-ios-pause-outline,,ionicSet,ios
paw,ion-ios-paw,,ionicSet,ios
paw-outline,ion-ios-paw-outline,,ionicSet,ios
people,ion-ios-people,,ionicSet,ios
people-outline,ion-ios-people-outline,,ionicSet,ios
person,ion-ios-person,,ionicSet,ios
person-outline,ion-ios-person-outline,,ionicSet,ios
personadd,ion-ios-personadd,,ionicSet,ios
personadd-outline,ion-ios-personadd-outline,,ionicSet,ios
photos,ion-ios-photos,,ionicSet,ios
photos-outline,ion-ios-photos-outline,,ionicSet,ios
pie,ion-ios-pie,,ionicSet,ios
pie-outline,ion-ios-pie-outline,,ionicSet,ios
pint,ion-ios-pint,,ionicSet,ios
pint-outline,ion-ios-pint-outline,,ionicSet,ios
play,ion-ios-play,,ionicSet,ios
play-outline,ion-ios-play-outline,,ionicSet,ios
plus,ion-ios-plus,,ionicSet,ios
plus-empty,ion-ios-plus-empty,,ionicSet,ios
plus-outline,ion-ios-plus-outline,,ionicSet,ios
pricetag,ion-ios-pricetag,,ionicSet,ios
pricetag-outline,ion-ios-pricetag-outline,,ionicSet,ios
pricetags,ion-ios-pricetags,,ionicSet,ios
pricetags-outline,ion-ios-pricetags-outline,,ionicSet,ios
printer,ion-ios-printer,,ionicSet,ios
printer-outline,ion-ios-printer-outline,,ionicSet,ios
pulse,ion-ios-pulse,,ionicSet,ios
pulse-strong,ion-ios-pulse-strong,,ionicSet,ios
rainy,ion-ios-rainy,,ionicSet,ios
rainy-outline,ion-ios-rainy-outline,,ionicSet,ios
recording,ion-ios-recording,,ionicSet,ios
recording-outline,ion-ios-recording-outline,,ionicSet,ios
redo,ion-ios-redo,,ionicSet,ios
redo-outline,ion-ios-redo-outline,,ionicSet,ios
refresh,ion-ios-refresh,,ionicSet,ios
refresh-empty,ion-ios-refresh-empty,,ionicSet,ios
refresh-outline,ion-ios-refresh-outline,,ionicSet,ios
reload,ion-ios-reload,,ionicSet,ios
reverse-camera,ion-ios-reverse-camera,,ionicSet,ios
reverse-camera-outline,ion-ios-reverse-camera-outline,,ionicSet,ios
rewind,ion-ios-rewind,,ionicSet,ios
rewind-outline,ion-ios-rewind-outline,,ionicSet,ios
rose,ion-ios-rose,,ionicSet,ios
rose-outline,ion-ios-rose-outline,,ionicSet,ios
search,ion-ios-search,,ionicSet,ios
search-strong,ion-ios-search-strong,,ionicSet,ios
settings,ion-ios-settings,,ionicSet,ios
settings-strong,ion-ios-settings-strong,,ionicSet,ios
shuffle,ion-ios-shuffle,,ionicSet,ios
shuffle-strong,ion-ios-shuffle-strong,,ionicSet,ios
skipbackward,ion-ios-skipbackward,,ionicSet,ios
skipbackward-outline,ion-ios-skipbackward-outline,,ionicSet,ios
skipforward,ion-ios-skipforward,,ionicSet,ios
skipforward-outline,ion-ios-skipforward-outline,,ionicSet,ios
snowy,ion-ios-snowy,,ionicSet,ios
speedometer,ion-ios-speedometer,,ionicSet,ios
speedometer-outline,ion-ios-speedometer-outline,,ionicSet,ios
star,ion-ios-star,,ionicSet,ios
star-half,ion-ios-star-half,,ionicSet,ios
star-outline,ion-ios-star-outline,,ionicSet,ios
stopwatch,ion-ios-stopwatch,,ionicSet,ios
stopwatch-outline,ion-ios-stopwatch-outline,,ionicSet,ios
sunny,ion-ios-sunny,,ionicSet,ios
sunny-outline,ion-ios-sunny-outline,,ionicSet,ios
telephone,ion-ios-telephone,,ionicSet,ios
telephone-outline,ion-ios-telephone-outline,,ionicSet,ios
tennisball,ion-ios-tennisball,,ionicSet,ios
tennisball-outline,ion-ios-tennisball-outline,,ionicSet,ios
thunderstorm,ion-ios-thunderstorm,,ionicSet,ios
thunderstorm-outline,ion-ios-thunderstorm-outline,,ionicSet,ios
time,ion-ios-time,,ionicSet,ios
time-outline,ion-ios-time-outline,,ionicSet,ios
timer,ion-ios-timer,,ionicSet,ios
timer-outline,ion-ios-timer-outline,,ionicSet,ios
toggle,ion-ios-toggle,,ionicSet,ios
toggle-outline,ion-ios-toggle-outline,,ionicSet,ios
trash,ion-ios-trash,,ionicSet,ios
trash-outline,ion-ios-trash-outline,,ionicSet,ios
undo,ion-ios-undo,,ionicSet,ios
undo-outline,ion-ios-undo-outline,,ionicSet,ios
unlocked,ion-ios-unlocked,,ionicSet,ios
unlocked-outline,ion-ios-unlocked-outline,,ionicSet,ios
upload,ion-ios-upload,,ionicSet,ios
upload-outline,ion-ios-upload-outline,,ionicSet,ios
videocam,ion-ios-videocam,,ionicSet,ios
videocam-outline,ion-ios-videocam-outline,,ionicSet,ios
volume-high,ion-ios-volume-high,,ionicSet,ios
volume-low,ion-ios-volume-low,,ionicSet,ios
wineglass,ion-ios-wineglass,,ionicSet,ios
wineglass-outline,ion-ios-wineglass-outline,,ionicSet,ios
world,ion-ios-world,,ionicSet,ios
world-outline,ion-ios-world-outline,,ionicSet,ios
ipad,ion-ipad,,ionicSet,
iphone,ion-iphone,,ionicSet,
ipod,ion-ipod,,ionicSet,
jet,ion-jet,,ionicSet,
key,ion-key,,ionicSet,
knife,ion-knife,,ionicSet,
laptop,ion-laptop,,ionicSet,
leaf,ion-leaf,,ionicSet,
levels,ion-levels,,ionicSet,
lightbulb,ion-lightbulb,,ionicSet,
link,ion-link,,ionicSet,
load-a,ion-load-a,,ionicSet,
load-b,ion-load-b,,ionicSet,
load-c,ion-load-c,,ionicSet,
load-d,ion-load-d,,ionicSet,
location,ion-location,,ionicSet,
lock-combination,ion-lock-combination,,ionicSet,
locked,ion-locked,,ionicSet,
log-in,ion-log-in,,ionicSet,
log-out,ion-log-out,,ionicSet,
loop,ion-loop,,ionicSet,
magnet,ion-magnet,,ionicSet,
male,ion-male,,ionicSet,
man,ion-man,,ionicSet,
map,ion-map,,ionicSet,
medkit,ion-medkit,,ionicSet,
merge,ion-merge,,ionicSet,
mic-a,ion-mic-a,,ionicSet,
mic-b,ion-mic-b,,ionicSet,
mic-c,ion-mic-c,,ionicSet,
minus,ion-minus,,ionicSet,
minus-circled,ion-minus-circled,,ionicSet,
minus-round,ion-minus-round,,ionicSet,
model-s,ion-model-s,,ionicSet,
monitor,ion-monitor,,ionicSet,
more,ion-more,,ionicSet,
mouse,ion-mouse,,ionicSet,
music-note,ion-music-note,,ionicSet,
navicon,ion-navicon,,ionicSet,
navicon-round,ion-navicon-round,,ionicSet,
navigate,ion-navigate,,ionicSet,
network,ion-network,,ionicSet,
no-smoking,ion-no-smoking,,ionicSet,
nuclear,ion-nuclear,,ionicSet,
outlet,ion-outlet,,ionicSet,
paintbrush,ion-paintbrush,,ionicSet,
paintbucket,ion-paintbucket,,ionicSet,
paper-airplane,ion-paper-airplane,,ionicSet,
paperclip,ion-paperclip,,ionicSet,
pause,ion-pause,,ionicSet,
person,ion-person,,ionicSet,
person-add,ion-person-add,,ionicSet,
person-stalker,ion-person-stalker,,ionicSet,
pie-graph,ion-pie-graph,,ionicSet,
pin,ion-pin,,ionicSet,
pinpoint,ion-pinpoint,,ionicSet,
pizza,ion-pizza,,ionicSet,
plane,ion-plane,,ionicSet,
planet,ion-planet,,ionicSet,
play,ion-play,,ionicSet,
playstation,ion-playstation,,ionicSet,
plus,ion-plus,,ionicSet,
plus-circled,ion-plus-circled,,ionicSet,
plus-round,ion-plus-round,,ionicSet,
podium,ion-podium,,ionicSet,
pound,ion-pound,,ionicSet,
power,ion-power,,ionicSet,
pricetag,ion-pricetag,,ionicSet,
pricetags,ion-pricetags,,ionicSet,
printer,ion-printer,,ionicSet,
pull-request,ion-pull-request,,ionicSet,
qr-scanner,ion-qr-scanner,,ionicSet,
quote,ion-quote,,ionicSet,
radio-waves,ion-radio-waves,,ionicSet,
record,ion-record,,ionicSet,
refresh,ion-refresh,,ionicSet,
reply,ion-reply,,ionicSet,
reply-all,ion-reply-all,,ionicSet,
ribbon-a,ion-ribbon-a,,ionicSet,
ribbon-b,ion-ribbon-b,,ionicSet,
sad,ion-sad,,ionicSet,
sad-outline,ion-sad-outline,,ionicSet,
scissors,ion-scissors,,ionicSet,
search,ion-search,,ionicSet,
settings,ion-settings,,ionicSet,
share,ion-share,,ionicSet,
shuffle,ion-shuffle,,ionicSet,
skip-backward,ion-skip-backward,,ionicSet,
skip-forward,ion-skip-forward,,ionicSet,
social-android,ion-social-android,,ionicSet,
social-android-outline,ion-social-android-outline,,ionicSet,
social-angular,ion-social-angular,,ionicSet,
social-angular-outline,ion-social-angular-outline,,ionicSet,
social-apple,ion-social-apple,,ionicSet,
social-apple-outline,ion-social-apple-outline,,ionicSet,
social-bitcoin,ion-social-bitcoin,,ionicSet,
social-bitcoin-outline,ion-social-bitcoin-outline,,ionicSet,
social-buffer,ion-social-buffer,,ionicSet,
social-buffer-outline,ion-social-buffer-outline,,ionicSet,
social-chrome,ion-social-chrome,,ionicSet,
social-chrome-outline,ion-social-chrome-outline,,ionicSet,
social-codepen,ion-social-codepen,,ionicSet,
social-codepen-outline,ion-social-codepen-outline,,ionicSet,
social-css3,ion-social-css3,,ionicSet,
social-css3-outline,ion-social-css3-outline,,ionicSet,
social-designernews,ion-social-designernews,,ionicSet,
social-designernews-outline,ion-social-designernews-outline,,ionicSet,
social-dribbble,ion-social-dribbble,,ionicSet,
social-dribbble-outline,ion-social-dribbble-outline,,ionicSet,
social-dropbox,ion-social-dropbox,,ionicSet,
social-dropbox-outline,ion-social-dropbox-outline,,ionicSet,
social-euro,ion-social-euro,,ionicSet,
social-euro-outline,ion-social-euro-outline,,ionicSet,
social-facebook,ion-social-facebook,,ionicSet,
social-facebook-outline,ion-social-facebook-outline,,ionicSet,
social-foursquare,ion-social-foursquare,,ionicSet,
social-foursquare-outline,ion-social-foursquare-outline,,ionicSet,
social-freebsd-devil,ion-social-freebsd-devil,,ionicSet,
social-github,ion-social-github,,ionicSet,
social-github-outline,ion-social-github-outline,,ionicSet,
social-google,ion-social-google,,ionicSet,
social-google-outline,ion-social-google-outline,,ionicSet,
social-googleplus,ion-social-googleplus,,ionicSet,
social-googleplus-outline,ion-social-googleplus-outline,,ionicSet,
social-hackernews,ion-social-hackernews,,ionicSet,
social-hackernews-outline,ion-social-hackernews-outline,,ionicSet,
social-html5,ion-social-html5,,ionicSet,
social-html5-outline,ion-social-html5-outline,,ionicSet,
social-instagram,ion-social-instagram,,ionicSet,
social-instagram-outline,ion-social-instagram-outline,,ionicSet,
social-javascript,ion-social-javascript,,ionicSet,
social-javascript-outline,ion-social-javascript-outline,,ionicSet,
social-linkedin,ion-social-linkedin,,ionicSet,
social-linkedin-outline,ion-social-linkedin-outline,,ionicSet,
social-markdown,ion-social-markdown,,ionicSet,
social-nodejs,ion-social-nodejs,,ionicSet,
social-octocat,ion-social-octocat,,ionicSet,
social-pinterest,ion-social-pinterest,,ionicSet,
social-pinterest-outline,ion-social-pinterest-outline,,ionicSet,
social-python,ion-social-python,,ionicSet,
social-reddit,ion-social-reddit,,ionicSet,
social-reddit-outline,ion-social-reddit-outline,,ionicSet,
social-rss,ion-social-rss,,ionicSet,
social-rss-outline,ion-social-rss-outline,,ionicSet,
social-sass,ion-social-sass,,ionicSet,
social-skype,ion-social-skype,,ionicSet,
social-skype-outline,ion-social-skype-outline,,ionicSet,
social-snapchat,ion-social-snapchat,,ionicSet,
social-snapchat-outline,ion-social-snapchat-outline,,ionicSet,
social-tumblr,ion-social-tumblr,,ionicSet,
social-tumblr-outline,ion-social-tumblr-outline,,ionicSet,
social-tux,ion-social-tux,,ionicSet,
social-twitch,ion-social-twitch,,ionicSet,
social-twitch-outline,ion-social-twitch-outline,,ionicSet,
social-twitter,ion-social-twitter,,ionicSet,
social-twitter-outline,ion-social-twitter-outline,,ionicSet,
social-usd,ion-social-usd,,ionicSet,
social-usd-outline,ion-social-usd-outline,,ionicSet,
social-vimeo,ion-social-vimeo,,ionicSet,
social-vimeo-outline,ion-social-vimeo-outline,,ionicSet,
social-whatsapp,ion-social-whatsapp,,ionicSet,
social-whatsapp-outline,ion-social-whatsapp-outline,,ionicSet,
social-windows,ion-social-windows,,ionicSet,
social-windows-outline,ion-social-windows-outline,,ionicSet,
social-wordpress,ion-social-wordpress,,ionicSet,
social-wordpress-outline,ion-social-wordpress-outline,,ionicSet,
social-yahoo,ion-social-yahoo,,ionicSet,
social-yahoo-outline,ion-social-yahoo-outline,,ionicSet,
social-yen,ion-social-yen,,ionicSet,
social-yen-outline,ion-social-yen-outline,,ionicSet,
social-youtube,ion-social-youtube,,ionicSet,
social-youtube-outline,ion-social-youtube-outline,,ionicSet,
soup-can,ion-soup-can,,ionicSet,
soup-can-outline,ion-soup-can-outline,,ionicSet,
speakerphone,ion-speakerphone,,ionicSet,
speedometer,ion-speedometer,,ionicSet,
spoon,ion-spoon,,ionicSet,
star,ion-star,,ionicSet,
stats-bars,ion-stats-bars,,ionicSet,
steam,ion-steam,,ionicSet,
stop,ion-stop,,ionicSet,
thermometer,ion-thermometer,,ionicSet,
thumbsdown,ion-thumbsdown,,ionicSet,
thumbsup,ion-thumbsup,,ionicSet,
toggle,ion-toggle,,ionicSet,
toggle-filled,ion-toggle-filled,,ionicSet,
transgender,ion-transgender,,ionicSet,
trash-a,ion-trash-a,,ionicSet,
trash-b,ion-trash-b,,ionicSet,
trophy,ion-trophy,,ionicSet,
tshirt,ion-tshirt,,ionicSet,
tshirt-outline,ion-tshirt-outline,,ionicSet,
umbrella,ion-umbrella,,ionicSet,
university,ion-university,,ionicSet,
unlocked,ion-unlocked,,ionicSet,
upload,ion-upload,,ionicSet,
usb,ion-usb,,ionicSet,
videocamera,ion-videocamera,,ionicSet,
volume-high,ion-volume-high,,ionicSet,
volume-low,ion-volume-low,,ionicSet,
volume-medium,ion-volume-medium,,ionicSet,
volume-mute,ion-volume-mute,,ionicSet,
wand,ion-wand,,ionicSet,
waterdrop,ion-waterdrop,,ionicSet,
wifi,ion-wifi,,ionicSet,
wineglass,ion-wineglass,,ionicSet,
woman,ion-woman,,ionicSet,
wrench,ion-wrench,,ionicSet,
xbox,ion-xbox,,ionicSet,